2	71003752
3	22391902
4	10812282
5	825752
6	14971
7	233422
8	1260588
9	1053132
10	331363
11	60374
12	9221
13	1569
14	300
15	91
16	44
17	39
18	34
19	24
20	13
21	5
22	6
23	4
24	2
25	1
34	1
39	2
40	2
42	1
43	1
44	1
47	2
49	1
50	1
55	1
59	1
64	1
78	1
79	1
80	2
84	1
85	1
86	1
88	1
90	1
95	4
96	3
99	1
101	1
103	1
104	1
105	1
106	1
107	1
110	1
112	1
114	2
115	1
120	1
121	1
122	1
124	1
126	1
130	2
131	1
132	2
133	2
136	1
140	1
141	1
143	2
144	1
150	1
151	1
152	1
153	1
156	1
164	1
165	1
178	2
179	1
180	2
190	1
191	1
193	1
194	4
195	1
196	1
197	2
200	2
201	2
203	1
204	1
206	2
208	2
209	1
210	2
211	1
212	3
215	2
216	1
217	2
218	1
219	2
221	1
223	1
224	4
225	1
227	1
228	1
229	2
230	1
233	1
236	1
237	2
239	2
240	3
241	3
242	1
243	1
244	2
245	2
246	1
248	3
250	2
251	2
252	1
253	2
254	2
256	2
257	2
258	3
259	3
260	1
262	2
263	1
265	2
268	1
270	1
271	1
272	1
274	1
275	1
276	4
277	2
278	1
281	2
282	2
283	2
285	4
286	1
287	2
288	1
291	1
292	1
293	1
295	4
296	2
297	4
298	3
301	3
302	2
303	3
304	4
305	2
306	2
307	1
308	4
309	3
311	3
312	1
313	5
314	4
316	3
317	2
318	1
319	3
320	2
321	1
322	3
323	1
324	2
326	2
327	1
329	2
330	1
331	1
332	1
333	1
334	2
335	3
338	1
339	1
340	1
343	1
344	1
345	3
347	1
348	1
349	2
350	3
351	1
352	3
353	1
354	1
355	1
356	1
357	2
358	2
359	1
360	1
361	1
363	2
365	1
368	1
373	1
377	1
